date,size,time
201301,0,0
201302,0,0
201303,0,0
201304,1,2013-04-26 03:39:00
201305,0,0
201306,285,2013-06-16 18:01:12
201307,259,2013-07-12 11:08:28
201308,280,2013-08-20 04:13:00
201309,310,2013-09-28 19:03:57
201310,300,2013-10-03 04:54:17
201311,320,2013-11-20 00:38:07
201312,258,2013-12-30 02:01:38
201401,258,2014-01-27 20:28:10
201402,299,2014-02-01 19:02:42
201403,148,2014-03-31 19:39:22
201404,172,2014-04-19 15:41:09
201405,321,2014-05-17 23:11:40
201406,303,2014-06-21 11:45:40
201407,270,2014-07-28 00:44:03
201408,178,2014-08-25 16:55:31
201409,0,0
201410,0,0
201411,0,0
201412,0,0
